loan_id,document_type,document_status,document_received_date,document_reference,source_system
LN-00001,Loan Agreement,Complete,2026-07-16,DOC-000001,document_manifest.csv
LN-00002,Collateral,Complete,2026-07-01,DOC-000002,document_manifest.csv
LN-00003,Income Verification,Complete,2026-07-21,DOC-000003,document_manifest.csv
LN-00004,Loan Agreement,Complete,2026-07-18,DOC-000004,document_manifest.csv
LN-00005,Loan Agreement,Complete,2026-07-16,DOC-000005,document_manifest.csv
LN-00006,Collateral,Complete,2026-07-19,DOC-000006,document_manifest.csv
LN-00007,Identity,Complete,2026-07-17,DOC-000007,document_manifest.csv
LN-00008,Income Verification,Complete,2026-07-01,DOC-000008,document_manifest.csv
LN-00009,Collateral,Complete,2026-07-24,DOC-000009,document_manifest.csv
LN-00010,Loan Agreement,Complete,2026-07-02,DOC-000010,document_manifest.csv
LN-00011,Collateral,Complete,2026-07-09,DOC-000011,document_manifest.csv
LN-00012,Identity,Complete,2026-07-24,DOC-000012,document_manifest.csv
LN-00013,Income Verification,Complete,2026-07-24,DOC-000013,document_manifest.csv
LN-00014,Income Verification,Complete,2026-07-06,DOC-000014,document_manifest.csv
LN-00015,Collateral,Complete,2026-07-22,DOC-000015,document_manifest.csv
LN-00016,Identity,Complete,2026-07-21,DOC-000016,document_manifest.csv
LN-00017,Identity,Complete,2026-07-25,DOC-000017,document_manifest.csv
LN-00018,Identity,Complete,2026-07-23,DOC-000018,document_manifest.csv
LN-00019,Identity,Complete,2026-07-04,DOC-000019,document_manifest.csv
LN-00020,Identity,Complete,2026-07-10,DOC-000020,document_manifest.csv
LN-00021,Identity,Complete,2026-07-13,DOC-000021,document_manifest.csv
LN-00022,Income Verification,Complete,2026-07-30,DOC-000022,document_manifest.csv
LN-00023,Loan Agreement,Complete,2026-07-11,DOC-000023,document_manifest.csv
LN-00024,Income Verification,Complete,2026-07-18,DOC-000024,document_manifest.csv
LN-00025,Loan Agreement,Complete,2026-07-14,DOC-000025,document_manifest.csv
LN-00026,Identity,Complete,2026-07-05,DOC-000026,document_manifest.csv
LN-00027,Income Verification,Complete,2026-07-26,DOC-000027,document_manifest.csv
LN-00028,Identity,Partial,2026-07-16,DOC-000028,document_manifest.csv
LN-00029,Loan Agreement,Complete,2026-07-13,DOC-000029,document_manifest.csv
LN-00030,Collateral,Complete,2026-07-20,DOC-000030,document_manifest.csv
LN-00031,Loan Agreement,Complete,2026-07-04,DOC-000031,document_manifest.csv
LN-00032,Loan Agreement,Partial,2026-07-30,DOC-000032,document_manifest.csv
MISSING-0033,Collateral,Complete,2026-07-05,DOC-000033,document_manifest.csv
LN-00001,Loan Agreement,Complete,2026-07-18,DOC-000034,document_manifest.csv
LN-00035,Income Verification,Complete,2026-07-19,DOC-000035,document_manifest.csv
LN-00036,Collateral,Complete,2026-07-07,DOC-000036,document_manifest.csv
LN-00037,Identity,Partial,2026-07-22,DOC-000037,document_manifest.csv
LN-00038,Loan Agreement,Complete,2026-07-22,DOC-000038,document_manifest.csv
LN-00039,Collateral,Complete,2026-07-02,DOC-000039,document_manifest.csv
LN-00040,Income Verification,Complete,2026-07-03,DOC-000040,document_manifest.csv
LN-00041,Loan Agreement,Complete,2026-07-17,DOC-000041,document_manifest.csv
LN-00042,Income Verification,Complete,2026-07-17,DOC-000042,document_manifest.csv
LN-00043,Loan Agreement,Missing,2026-07-11,DOC-000043,document_manifest.csv
LN-00044,Identity,Complete,2026-07-11,DOC-000044,document_manifest.csv
LN-00045,Loan Agreement,Complete,2026-07-16,DOC-000045,document_manifest.csv
LN-00046,Loan Agreement,Complete,2026-07-27,DOC-000046,document_manifest.csv
LN-00047,Collateral,Complete,2026-07-04,DOC-000047,document_manifest.csv
LN-00048,Loan Agreement,Complete,2026-07-27,DOC-000048,document_manifest.csv
MISSING-0049,Loan Agreement,Complete,2026-07-10,DOC-000049,document_manifest.csv
LN-00001,Collateral,Complete,2026-07-31,DOC-000050,document_manifest.csv
LN-00051,Loan Agreement,Complete,2026-07-12,DOC-000051,document_manifest.csv
LN-00052,Income Verification,Complete,2026-07-19,DOC-000052,document_manifest.csv
LN-00053,Income Verification,Complete,2026-07-27,DOC-000053,document_manifest.csv
LN-00054,Income Verification,Complete,2026-07-13,DOC-000054,document_manifest.csv
LN-00055,Collateral,Complete,2026-07-08,DOC-000055,document_manifest.csv
LN-00056,Identity,Complete,2026-07-13,DOC-000056,document_manifest.csv
LN-00057,Identity,Partial,2026-07-10,DOC-000057,document_manifest.csv
LN-00058,Loan Agreement,Complete,2026-07-31,DOC-000058,document_manifest.csv
LN-00059,Identity,Complete,2026-07-15,DOC-000059,document_manifest.csv
LN-00060,Loan Agreement,Complete,2026-07-10,DOC-000060,document_manifest.csv
LN-00061,Loan Agreement,Complete,2026-07-31,DOC-000061,document_manifest.csv
LN-00062,Income Verification,Partial,2026-07-07,DOC-000062,document_manifest.csv
LN-00063,Collateral,Complete,2026-07-03,DOC-000063,document_manifest.csv
LN-00064,Loan Agreement,Complete,2026-07-08,DOC-000064,document_manifest.csv
LN-00065,Identity,Complete,2026-07-14,DOC-000065,document_manifest.csv
MISSING-0066,Collateral,Complete,2026-07-10,DOC-000066,document_manifest.csv
LN-00001,Income Verification,Complete,2026-07-25,DOC-000067,document_manifest.csv
LN-00068,Identity,Complete,2026-07-27,DOC-000068,document_manifest.csv
LN-00069,Identity,Complete,2026-07-28,DOC-000069,document_manifest.csv
LN-00070,Identity,Complete,2026-07-11,DOC-000070,document_manifest.csv
LN-00071,Loan Agreement,Complete,2026-07-22,DOC-000071,document_manifest.csv
LN-00072,Loan Agreement,Partial,2026-07-10,DOC-000072,document_manifest.csv
LN-00073,Identity,Complete,2026-07-14,DOC-000073,document_manifest.csv
LN-00074,Identity,Complete,2026-07-25,DOC-000074,document_manifest.csv
LN-00075,Income Verification,Complete,2026-07-20,DOC-000075,document_manifest.csv
LN-00076,Loan Agreement,Complete,2026-07-31,DOC-000076,document_manifest.csv
LN-00077,Loan Agreement,Complete,2026-07-17,DOC-000077,document_manifest.csv
LN-00078,Income Verification,Complete,2026-07-25,DOC-000078,document_manifest.csv
LN-00079,Income Verification,Complete,2026-07-27,DOC-000079,document_manifest.csv
LN-00080,Loan Agreement,Partial,2026-07-06,DOC-000080,document_manifest.csv
LN-00081,Loan Agreement,Complete,2026-07-26,DOC-000081,document_manifest.csv
LN-00082,Income Verification,Complete,2026-07-22,DOC-000082,document_manifest.csv
LN-00083,Identity,Complete,2026-07-08,DOC-000083,document_manifest.csv
LN-00084,Loan Agreement,Partial,2026-07-20,DOC-000084,document_manifest.csv
LN-00085,Income Verification,Partial,2026-07-09,DOC-000085,document_manifest.csv
LN-00086,Income Verification,Complete,2026-07-09,DOC-000086,document_manifest.csv
LN-00087,Collateral,Complete,2026-07-26,DOC-000087,document_manifest.csv
LN-00088,Identity,Complete,2026-07-10,DOC-000088,document_manifest.csv
LN-00089,Identity,Complete,2026-07-08,DOC-000089,document_manifest.csv
LN-00090,Identity,Complete,2026-07-11,DOC-000090,document_manifest.csv
LN-00091,Income Verification,Complete,2026-07-16,DOC-000091,document_manifest.csv
MISSING-0092,Collateral,Complete,2026-07-19,DOC-000092,document_manifest.csv
LN-00001,Identity,Complete,2026-07-01,DOC-000093,document_manifest.csv
LN-00094,Loan Agreement,Partial,2026-07-07,DOC-000094,document_manifest.csv
LN-00095,Collateral,Complete,2026-07-30,DOC-000095,document_manifest.csv
LN-00096,Income Verification,Complete,2026-07-10,DOC-000096,document_manifest.csv
LN-00097,Collateral,Complete,2026-07-08,DOC-000097,document_manifest.csv
LN-00098,Collateral,Complete,2026-07-31,DOC-000098,document_manifest.csv
LN-00099,Identity,Missing,2026-07-29,DOC-000099,document_manifest.csv
LN-00100,Income Verification,Complete,2026-07-04,DOC-000100,document_manifest.csv
LN-00101,Identity,Complete,2026-07-14,DOC-000101,document_manifest.csv
LN-00102,Identity,Complete,2026-07-06,DOC-000102,document_manifest.csv
LN-00103,Collateral,Complete,2026-07-07,DOC-000103,document_manifest.csv
LN-00104,Collateral,Complete,2026-07-25,DOC-000104,document_manifest.csv
LN-00105,Loan Agreement,Complete,2026-07-24,DOC-000105,document_manifest.csv
LN-00106,Identity,Complete,2026-07-16,DOC-000106,document_manifest.csv
LN-00107,Loan Agreement,Partial,2026-07-21,DOC-000107,document_manifest.csv
LN-00108,Identity,Complete,2026-07-04,DOC-000108,document_manifest.csv
LN-00109,Income Verification,Complete,2026-07-18,DOC-000109,document_manifest.csv
LN-00110,Loan Agreement,Complete,2026-07-22,DOC-000110,document_manifest.csv
LN-00111,Identity,Complete,2026-07-08,DOC-000111,document_manifest.csv
LN-00112,Collateral,Complete,2026-07-18,DOC-000112,document_manifest.csv
LN-00113,Loan Agreement,Complete,2026-07-13,DOC-000113,document_manifest.csv
LN-00114,Identity,Complete,2026-07-16,DOC-000114,document_manifest.csv
LN-00115,Identity,Complete,2026-07-03,DOC-000115,document_manifest.csv
LN-00116,Income Verification,Complete,2026-07-23,DOC-000116,document_manifest.csv
LN-00117,Collateral,Complete,2026-07-09,DOC-000117,document_manifest.csv
LN-00118,Loan Agreement,Complete,2026-07-19,DOC-000118,document_manifest.csv
LN-00119,Income Verification,Complete,2026-07-31,DOC-000119,document_manifest.csv
LN-00120,Loan Agreement,Complete,2026-07-23,DOC-000120,document_manifest.csv
LN-00121,Collateral,Complete,2026-07-25,DOC-000121,document_manifest.csv
LN-00122,Collateral,Complete,2026-07-15,DOC-000122,document_manifest.csv
LN-00123,Loan Agreement,Complete,2026-07-05,DOC-000123,document_manifest.csv
LN-00124,Income Verification,Complete,2026-07-27,DOC-000124,document_manifest.csv
LN-00125,Collateral,Complete,2026-07-26,DOC-000125,document_manifest.csv
LN-00126,Identity,Complete,2026-07-05,DOC-000126,document_manifest.csv
LN-00127,Identity,Complete,2026-07-20,DOC-000127,document_manifest.csv
LN-00128,Loan Agreement,Complete,2026-07-30,DOC-000128,document_manifest.csv
LN-00129,Identity,Complete,2026-07-04,DOC-000129,document_manifest.csv
LN-00130,Loan Agreement,Complete,2026-07-04,DOC-000130,document_manifest.csv
LN-00131,Identity,Missing,2026-07-01,DOC-000131,document_manifest.csv
LN-00132,Loan Agreement,Missing,2026-07-25,DOC-000132,document_manifest.csv
LN-00133,Collateral,Complete,2026-07-27,DOC-000133,document_manifest.csv
LN-00134,Loan Agreement,Complete,2026-07-19,DOC-000134,document_manifest.csv
LN-00135,Collateral,Complete,2026-07-22,DOC-000135,document_manifest.csv
LN-00136,Collateral,Complete,2026-07-15,DOC-000136,document_manifest.csv
LN-00137,Loan Agreement,Complete,2026-07-09,DOC-000137,document_manifest.csv
LN-00138,Income Verification,Complete,2026-07-03,DOC-000138,document_manifest.csv
LN-00139,Collateral,Complete,2026-07-02,DOC-000139,document_manifest.csv
LN-00140,Income Verification,Complete,2026-07-23,DOC-000140,document_manifest.csv
LN-00141,Income Verification,Partial,2026-07-30,DOC-000141,document_manifest.csv
LN-00142,Identity,Complete,2026-07-26,DOC-000142,document_manifest.csv
LN-00143,Income Verification,Complete,2026-07-10,DOC-000143,document_manifest.csv
LN-00144,Income Verification,Complete,2026-07-07,DOC-000144,document_manifest.csv
LN-00145,Income Verification,Complete,2026-07-19,DOC-000145,document_manifest.csv
LN-00146,Identity,Complete,2026-07-25,DOC-000146,document_manifest.csv
LN-00147,Loan Agreement,Complete,2026-07-19,DOC-000147,document_manifest.csv
LN-00148,Identity,Complete,2026-07-29,DOC-000148,document_manifest.csv
LN-00149,Income Verification,Complete,2026-07-31,DOC-000149,document_manifest.csv
LN-00150,Loan Agreement,Complete,2026-07-23,DOC-000150,document_manifest.csv
LN-00151,Collateral,Complete,2026-07-26,DOC-000151,document_manifest.csv
LN-00152,Identity,Complete,2026-07-14,DOC-000152,document_manifest.csv
LN-00153,Income Verification,Complete,2026-07-02,DOC-000153,document_manifest.csv
LN-00154,Collateral,Complete,2026-07-15,DOC-000154,document_manifest.csv
LN-00155,Income Verification,Complete,2026-07-28,DOC-000155,document_manifest.csv
LN-00156,Income Verification,Complete,2026-07-07,DOC-000156,document_manifest.csv
LN-00157,Collateral,Complete,2026-07-12,DOC-000157,document_manifest.csv
LN-00158,Collateral,Complete,2026-07-21,DOC-000158,document_manifest.csv
LN-00159,Identity,Complete,2026-07-08,DOC-000159,document_manifest.csv
LN-00160,Loan Agreement,Complete,2026-07-25,DOC-000160,document_manifest.csv
LN-00161,Identity,Complete,2026-07-02,DOC-000161,document_manifest.csv
LN-00162,Identity,Complete,2026-07-13,DOC-000162,document_manifest.csv
LN-00163,Identity,Complete,2026-07-29,DOC-000163,document_manifest.csv
LN-00164,Loan Agreement,Complete,2026-07-20,DOC-000164,document_manifest.csv
LN-00165,Identity,Partial,2026-07-18,DOC-000165,document_manifest.csv
LN-00166,Loan Agreement,Complete,2026-07-13,DOC-000166,document_manifest.csv
LN-00167,Identity,Complete,2026-07-12,DOC-000167,document_manifest.csv
LN-00168,Loan Agreement,Complete,2026-07-05,DOC-000168,document_manifest.csv
LN-00169,Loan Agreement,Complete,2026-07-16,DOC-000169,document_manifest.csv
LN-00170,Identity,Complete,2026-07-27,DOC-000170,document_manifest.csv
LN-00171,Collateral,Complete,2026-07-30,DOC-000171,document_manifest.csv
LN-00172,Loan Agreement,Complete,2026-07-07,DOC-000172,document_manifest.csv
LN-00173,Collateral,Complete,2026-07-28,DOC-000173,document_manifest.csv
LN-00174,Income Verification,Partial,2026-07-21,DOC-000174,document_manifest.csv
LN-00175,Collateral,Complete,2026-07-21,DOC-000175,document_manifest.csv
LN-00176,Income Verification,Partial,2026-07-24,DOC-000176,document_manifest.csv
LN-00177,Identity,Complete,2026-07-22,DOC-000177,document_manifest.csv
LN-00178,Collateral,Complete,2026-07-06,DOC-000178,document_manifest.csv
LN-00179,Collateral,Complete,2026-07-06,DOC-000179,document_manifest.csv
LN-00180,Loan Agreement,Complete,2026-07-06,DOC-000180,document_manifest.csv
LN-00181,Collateral,Complete,2026-07-02,DOC-000181,document_manifest.csv
LN-00182,Identity,Complete,2026-07-15,DOC-000182,document_manifest.csv
LN-00183,Income Verification,Complete,2026-07-12,DOC-000183,document_manifest.csv
LN-00184,Income Verification,Complete,2026-07-03,DOC-000184,document_manifest.csv
LN-00185,Identity,Complete,2026-07-16,DOC-000185,document_manifest.csv
LN-00186,Income Verification,Complete,2026-07-21,DOC-000186,document_manifest.csv
LN-00187,Identity,Complete,2026-07-10,DOC-000187,document_manifest.csv
LN-00188,Loan Agreement,Complete,2026-07-22,DOC-000188,document_manifest.csv
LN-00189,Loan Agreement,Complete,2026-07-14,DOC-000189,document_manifest.csv
LN-00190,Identity,Complete,2026-07-06,DOC-000190,document_manifest.csv
LN-00191,Collateral,Complete,2026-07-17,DOC-000191,document_manifest.csv
LN-00192,Income Verification,Complete,2026-07-15,DOC-000192,document_manifest.csv
LN-00193,Identity,Complete,2026-07-07,DOC-000193,document_manifest.csv
LN-00194,Identity,Complete,2026-07-20,DOC-000194,document_manifest.csv
LN-00195,Loan Agreement,Complete,2026-07-29,DOC-000195,document_manifest.csv
LN-00196,Identity,Partial,2026-07-25,DOC-000196,document_manifest.csv
LN-00197,Loan Agreement,Complete,2026-07-11,DOC-000197,document_manifest.csv
LN-00198,Income Verification,Complete,2026-07-28,DOC-000198,document_manifest.csv
LN-00199,Identity,Complete,2026-07-15,DOC-000199,document_manifest.csv
LN-00200,Income Verification,Complete,2026-07-12,DOC-000200,document_manifest.csv
LN-00201,Collateral,Complete,2026-07-23,DOC-000201,document_manifest.csv
LN-00202,Collateral,Complete,2026-07-28,DOC-000202,document_manifest.csv
LN-00203,Loan Agreement,Complete,2026-07-22,DOC-000203,document_manifest.csv
LN-00204,Income Verification,Complete,2026-07-01,DOC-000204,document_manifest.csv
LN-00205,Income Verification,Complete,2026-07-28,DOC-000205,document_manifest.csv
LN-00206,Identity,Complete,2026-07-27,DOC-000206,document_manifest.csv
LN-00207,Collateral,Complete,2026-07-07,DOC-000207,document_manifest.csv
LN-00208,Collateral,Complete,2026-07-25,DOC-000208,document_manifest.csv
LN-00209,Loan Agreement,Complete,2026-07-14,DOC-000209,document_manifest.csv
LN-00210,Identity,Complete,2026-07-22,DOC-000210,document_manifest.csv
LN-00211,Income Verification,Complete,2026-07-24,DOC-000211,document_manifest.csv
LN-00212,Loan Agreement,Complete,2026-07-08,DOC-000212,document_manifest.csv
LN-00213,Loan Agreement,Complete,2026-07-27,DOC-000213,document_manifest.csv
LN-00214,Collateral,Complete,2026-07-08,DOC-000214,document_manifest.csv
LN-00215,Income Verification,Complete,2026-07-28,DOC-000215,document_manifest.csv
LN-00216,Loan Agreement,Complete,2026-07-08,DOC-000216,document_manifest.csv
LN-00217,Income Verification,Complete,2026-07-18,DOC-000217,document_manifest.csv
LN-00218,Income Verification,Complete,2026-07-06,DOC-000218,document_manifest.csv
LN-00219,Loan Agreement,Complete,2026-07-01,DOC-000219,document_manifest.csv
LN-00220,Loan Agreement,Complete,2026-07-02,DOC-000220,document_manifest.csv
LN-00221,Loan Agreement,Complete,2026-07-08,DOC-000221,document_manifest.csv
LN-00222,Loan Agreement,Complete,2026-07-25,DOC-000222,document_manifest.csv
LN-00223,Identity,Complete,2026-07-29,DOC-000223,document_manifest.csv
LN-00224,Income Verification,Partial,2026-07-05,DOC-000224,document_manifest.csv
LN-00225,Collateral,Complete,2026-07-02,DOC-000225,document_manifest.csv
LN-00226,Collateral,Complete,2026-07-11,DOC-000226,document_manifest.csv
LN-00227,Identity,Complete,2026-07-11,DOC-000227,document_manifest.csv
LN-00228,Collateral,Complete,2026-07-28,DOC-000228,document_manifest.csv
LN-00229,Identity,Complete,2026-07-09,DOC-000229,document_manifest.csv
LN-00230,Identity,Complete,2026-07-09,DOC-000230,document_manifest.csv
LN-00231,Collateral,Complete,2026-07-30,DOC-000231,document_manifest.csv
LN-00232,Loan Agreement,Complete,2026-07-14,DOC-000232,document_manifest.csv
LN-00233,Identity,Complete,2026-07-09,DOC-000233,document_manifest.csv
LN-00234,Loan Agreement,Missing,2026-07-05,DOC-000234,document_manifest.csv
LN-00235,Identity,Complete,2026-07-25,DOC-000235,document_manifest.csv
LN-00236,Collateral,Complete,2026-07-13,DOC-000236,document_manifest.csv
LN-00237,Collateral,Complete,2026-07-06,DOC-000237,document_manifest.csv
LN-00238,Loan Agreement,Complete,2026-07-21,DOC-000238,document_manifest.csv
LN-00239,Income Verification,Complete,2026-07-23,DOC-000239,document_manifest.csv
LN-00240,Income Verification,Complete,2026-07-03,DOC-000240,document_manifest.csv
LN-00241,Income Verification,Complete,2026-07-29,DOC-000241,document_manifest.csv
LN-00242,Identity,Partial,2026-07-09,DOC-000242,document_manifest.csv
LN-00243,Income Verification,Complete,2026-07-21,DOC-000243,document_manifest.csv
LN-00244,Loan Agreement,Complete,2026-07-24,DOC-000244,document_manifest.csv
LN-00245,Identity,Complete,2026-07-21,DOC-000245,document_manifest.csv
LN-00246,Loan Agreement,Complete,2026-07-18,DOC-000246,document_manifest.csv
LN-00247,Loan Agreement,Complete,2026-07-29,DOC-000247,document_manifest.csv
LN-00248,Identity,Partial,2026-07-18,DOC-000248,document_manifest.csv
LN-00249,Identity,Complete,2026-07-09,DOC-000249,document_manifest.csv
LN-00250,Identity,Complete,2026-07-12,DOC-000250,document_manifest.csv
LN-00251,Loan Agreement,Complete,2026-07-09,DOC-000251,document_manifest.csv
LN-00252,Loan Agreement,Complete,2026-07-08,DOC-000252,document_manifest.csv
LN-00253,Identity,Complete,2026-07-18,DOC-000253,document_manifest.csv
LN-00254,Identity,Complete,2026-07-01,DOC-000254,document_manifest.csv
LN-00255,Identity,Complete,2026-07-01,DOC-000255,document_manifest.csv
LN-00256,Identity,Complete,2026-07-11,DOC-000256,document_manifest.csv
LN-00257,Income Verification,Complete,2026-07-16,DOC-000257,document_manifest.csv
LN-00258,Income Verification,Complete,2026-07-14,DOC-000258,document_manifest.csv
LN-00259,Income Verification,Complete,2026-07-18,DOC-000259,document_manifest.csv
LN-00260,Identity,Complete,2026-07-31,DOC-000260,document_manifest.csv
LN-00261,Loan Agreement,Complete,2026-07-16,DOC-000261,document_manifest.csv
LN-00262,Income Verification,Complete,2026-07-12,DOC-000262,document_manifest.csv
LN-00263,Income Verification,Complete,2026-07-24,DOC-000263,document_manifest.csv
LN-00264,Identity,Complete,2026-07-24,DOC-000264,document_manifest.csv
LN-00265,Income Verification,Complete,2026-07-21,DOC-000265,document_manifest.csv
LN-00266,Loan Agreement,Complete,2026-07-29,DOC-000266,document_manifest.csv
LN-00267,Loan Agreement,Complete,2026-07-15,DOC-000267,document_manifest.csv
LN-00268,Identity,Complete,2026-07-16,DOC-000268,document_manifest.csv
LN-00269,Collateral,Complete,2026-07-13,DOC-000269,document_manifest.csv
LN-00270,Income Verification,Complete,2026-07-28,DOC-000270,document_manifest.csv
LN-00271,Identity,Complete,2026-07-15,DOC-000271,document_manifest.csv
LN-00272,Income Verification,Complete,2026-07-12,DOC-000272,document_manifest.csv
LN-00273,Loan Agreement,Complete,2026-07-01,DOC-000273,document_manifest.csv
LN-00274,Income Verification,Complete,2026-07-26,DOC-000274,document_manifest.csv
LN-00275,Loan Agreement,Complete,2026-07-23,DOC-000275,document_manifest.csv
LN-00276,Income Verification,Complete,2026-07-25,DOC-000276,document_manifest.csv
LN-00277,Collateral,Complete,2026-07-08,DOC-000277,document_manifest.csv
LN-00278,Income Verification,Complete,2026-07-05,DOC-000278,document_manifest.csv
LN-00279,Loan Agreement,Complete,2026-07-31,DOC-000279,document_manifest.csv
LN-00280,Income Verification,Partial,2026-07-09,DOC-000280,document_manifest.csv
LN-00281,Income Verification,Complete,2026-07-23,DOC-000281,document_manifest.csv
LN-00282,Identity,Complete,2026-07-23,DOC-000282,document_manifest.csv
LN-00283,Income Verification,Complete,2026-07-30,DOC-000283,document_manifest.csv
LN-00284,Income Verification,Complete,2026-07-17,DOC-000284,document_manifest.csv
LN-00285,Identity,Partial,2026-07-04,DOC-000285,document_manifest.csv
LN-00286,Loan Agreement,Complete,2026-07-15,DOC-000286,document_manifest.csv
LN-00287,Collateral,Complete,2026-07-07,DOC-000287,document_manifest.csv
LN-00288,Identity,Complete,2026-07-15,DOC-000288,document_manifest.csv
LN-00289,Income Verification,Complete,2026-07-17,DOC-000289,document_manifest.csv
LN-00290,Income Verification,Complete,2026-07-13,DOC-000290,document_manifest.csv
LN-00291,Identity,Complete,2026-07-20,DOC-000291,document_manifest.csv
LN-00292,Identity,Complete,2026-07-22,DOC-000292,document_manifest.csv
LN-00293,Identity,Complete,2026-07-04,DOC-000293,document_manifest.csv
LN-00294,Identity,Complete,2026-07-01,DOC-000294,document_manifest.csv
LN-00295,Loan Agreement,Complete,2026-07-16,DOC-000295,document_manifest.csv
LN-00296,Loan Agreement,Complete,2026-07-19,DOC-000296,document_manifest.csv
LN-00297,Identity,Missing,2026-07-13,DOC-000297,document_manifest.csv
LN-00298,Loan Agreement,Complete,2026-07-29,DOC-000298,document_manifest.csv
LN-00299,Collateral,Complete,2026-07-05,DOC-000299,document_manifest.csv
LN-00300,Loan Agreement,Complete,2026-07-08,DOC-000300,document_manifest.csv
LN-00301,Identity,Complete,2026-07-15,DOC-000301,document_manifest.csv
LN-00302,Collateral,Complete,2026-07-24,DOC-000302,document_manifest.csv
LN-00303,Identity,Complete,2026-07-02,DOC-000303,document_manifest.csv
LN-00304,Income Verification,Complete,2026-07-30,DOC-000304,document_manifest.csv
LN-00305,Loan Agreement,Complete,2026-07-01,DOC-000305,document_manifest.csv
LN-00306,Loan Agreement,Complete,2026-07-02,DOC-000306,document_manifest.csv
LN-00307,Income Verification,Complete,2026-07-28,DOC-000307,document_manifest.csv
LN-00308,Loan Agreement,Complete,2026-07-05,DOC-000308,document_manifest.csv
LN-00309,Loan Agreement,Complete,2026-07-25,DOC-000309,document_manifest.csv
LN-00310,Identity,Complete,2026-07-02,DOC-000310,document_manifest.csv
LN-00311,Identity,Complete,2026-07-15,DOC-000311,document_manifest.csv
LN-00312,Collateral,Complete,2026-07-18,DOC-000312,document_manifest.csv
LN-00313,Identity,Complete,2026-07-25,DOC-000313,document_manifest.csv
LN-00314,Identity,Complete,2026-07-11,DOC-000314,document_manifest.csv
LN-00315,Collateral,Complete,2026-07-19,DOC-000315,document_manifest.csv
LN-00316,Loan Agreement,Complete,2026-07-30,DOC-000316,document_manifest.csv
LN-00317,Collateral,Complete,2026-07-03,DOC-000317,document_manifest.csv
LN-00318,Loan Agreement,Complete,2026-07-01,DOC-000318,document_manifest.csv
LN-00319,Collateral,Complete,2026-07-25,DOC-000319,document_manifest.csv
LN-00320,Income Verification,Complete,2026-07-10,DOC-000320,document_manifest.csv
LN-00321,Identity,Complete,2026-07-10,DOC-000321,document_manifest.csv
LN-00322,Loan Agreement,Complete,2026-07-20,DOC-000322,document_manifest.csv
LN-00323,Income Verification,Complete,2026-07-23,DOC-000323,document_manifest.csv
LN-00324,Identity,Complete,2026-07-09,DOC-000324,document_manifest.csv
LN-00325,Income Verification,Complete,2026-07-30,DOC-000325,document_manifest.csv
LN-00326,Income Verification,Complete,2026-07-11,DOC-000326,document_manifest.csv
LN-00327,Loan Agreement,Complete,2026-07-03,DOC-000327,document_manifest.csv
LN-00328,Identity,Complete,2026-07-20,DOC-000328,document_manifest.csv
LN-00329,Loan Agreement,Partial,2026-07-18,DOC-000329,document_manifest.csv
LN-00330,Loan Agreement,Complete,2026-07-30,DOC-000330,document_manifest.csv
LN-00331,Loan Agreement,Complete,2026-07-22,DOC-000331,document_manifest.csv
LN-00332,Loan Agreement,Complete,2026-07-18,DOC-000332,document_manifest.csv
LN-00333,Collateral,Complete,2026-07-28,DOC-000333,document_manifest.csv
LN-00334,Collateral,Complete,2026-07-17,DOC-000334,document_manifest.csv
LN-00335,Collateral,Complete,2026-07-01,DOC-000335,document_manifest.csv
LN-00336,Collateral,Complete,2026-07-04,DOC-000336,document_manifest.csv
LN-00337,Identity,Complete,2026-07-28,DOC-000337,document_manifest.csv
LN-00338,Identity,Complete,2026-07-24,DOC-000338,document_manifest.csv
LN-00339,Loan Agreement,Complete,2026-07-22,DOC-000339,document_manifest.csv
LN-00340,Identity,Complete,2026-07-07,DOC-000340,document_manifest.csv
LN-00341,Collateral,Complete,2026-07-28,DOC-000341,document_manifest.csv
LN-00342,Identity,Complete,2026-07-19,DOC-000342,document_manifest.csv
LN-00343,Collateral,Complete,2026-07-23,DOC-000343,document_manifest.csv
LN-00344,Income Verification,Complete,2026-07-20,DOC-000344,document_manifest.csv
LN-00345,Income Verification,Complete,2026-07-17,DOC-000345,document_manifest.csv
LN-00346,Identity,Complete,2026-07-18,DOC-000346,document_manifest.csv
LN-00347,Loan Agreement,Complete,2026-07-08,DOC-000347,document_manifest.csv
LN-00348,Collateral,Complete,2026-07-16,DOC-000348,document_manifest.csv
LN-00349,Income Verification,Complete,2026-07-15,DOC-000349,document_manifest.csv
LN-00350,Collateral,Complete,2026-07-17,DOC-000350,document_manifest.csv
LN-00351,Identity,Complete,2026-07-15,DOC-000351,document_manifest.csv
LN-00352,Income Verification,Complete,2026-07-13,DOC-000352,document_manifest.csv
LN-00353,Loan Agreement,Complete,2026-07-18,DOC-000353,document_manifest.csv
LN-00354,Identity,Complete,2026-07-25,DOC-000354,document_manifest.csv
LN-00355,Collateral,Complete,2026-07-09,DOC-000355,document_manifest.csv
LN-00356,Collateral,Complete,2026-07-21,DOC-000356,document_manifest.csv
LN-00357,Identity,Complete,2026-07-07,DOC-000357,document_manifest.csv
LN-00358,Identity,Complete,2026-07-22,DOC-000358,document_manifest.csv
LN-00359,Loan Agreement,Complete,2026-07-06,DOC-000359,document_manifest.csv
LN-00360,Collateral,Complete,2026-07-02,DOC-000360,document_manifest.csv
LN-00361,Identity,Complete,2026-07-20,DOC-000361,document_manifest.csv
LN-00362,Income Verification,Complete,2026-07-23,DOC-000362,document_manifest.csv
LN-00363,Identity,Complete,2026-07-18,DOC-000363,document_manifest.csv
LN-00364,Income Verification,Complete,2026-07-28,DOC-000364,document_manifest.csv
LN-00365,Loan Agreement,Complete,2026-07-28,DOC-000365,document_manifest.csv
LN-00366,Collateral,Complete,2026-07-17,DOC-000366,document_manifest.csv
LN-00367,Income Verification,Complete,2026-07-18,DOC-000367,document_manifest.csv
LN-00368,Loan Agreement,Complete,2026-07-09,DOC-000368,document_manifest.csv
LN-00369,Loan Agreement,Complete,2026-07-31,DOC-000369,document_manifest.csv
LN-00370,Income Verification,Complete,2026-07-26,DOC-000370,document_manifest.csv
LN-00371,Collateral,Complete,2026-07-06,DOC-000371,document_manifest.csv
LN-00372,Collateral,Complete,2026-07-19,DOC-000372,document_manifest.csv
LN-00373,Collateral,Complete,2026-07-15,DOC-000373,document_manifest.csv
LN-00374,Loan Agreement,Complete,2026-07-27,DOC-000374,document_manifest.csv
LN-00375,Identity,Complete,2026-07-22,DOC-000375,document_manifest.csv
LN-00376,Collateral,Complete,2026-07-16,DOC-000376,document_manifest.csv
LN-00377,Collateral,Complete,2026-07-12,DOC-000377,document_manifest.csv
LN-00378,Loan Agreement,Complete,2026-07-17,DOC-000378,document_manifest.csv
LN-00379,Collateral,Complete,2026-07-08,DOC-000379,document_manifest.csv
LN-00380,Income Verification,Complete,2026-07-03,DOC-000380,document_manifest.csv
LN-00381,Identity,Missing,2026-07-09,DOC-000381,document_manifest.csv
LN-00382,Identity,Complete,2026-07-18,DOC-000382,document_manifest.csv
LN-00383,Identity,Complete,2026-07-24,DOC-000383,document_manifest.csv
LN-00384,Identity,Complete,2026-07-23,DOC-000384,document_manifest.csv
LN-00385,Collateral,Complete,2026-07-01,DOC-000385,document_manifest.csv
LN-00386,Loan Agreement,Complete,2026-07-29,DOC-000386,document_manifest.csv
LN-00387,Collateral,Complete,2026-07-23,DOC-000387,document_manifest.csv
LN-00388,Income Verification,Partial,2026-07-04,DOC-000388,document_manifest.csv
LN-00389,Identity,Complete,2026-07-07,DOC-000389,document_manifest.csv
LN-00390,Loan Agreement,Complete,2026-07-02,DOC-000390,document_manifest.csv
LN-00391,Income Verification,Complete,2026-07-03,DOC-000391,document_manifest.csv
LN-00392,Identity,Complete,2026-07-03,DOC-000392,document_manifest.csv
LN-00393,Collateral,Complete,2026-07-09,DOC-000393,document_manifest.csv
LN-00394,Loan Agreement,Complete,2026-07-23,DOC-000394,document_manifest.csv
LN-00395,Identity,Complete,2026-07-08,DOC-000395,document_manifest.csv
LN-00396,Loan Agreement,Complete,2026-07-29,DOC-000396,document_manifest.csv
LN-00397,Loan Agreement,Complete,2026-07-03,DOC-000397,document_manifest.csv
LN-00398,Income Verification,Complete,2026-07-06,DOC-000398,document_manifest.csv
LN-00399,Income Verification,Complete,2026-07-04,DOC-000399,document_manifest.csv
LN-00400,Identity,Complete,2026-07-13,DOC-000400,document_manifest.csv
LN-00401,Identity,Complete,2026-07-02,DOC-000401,document_manifest.csv
LN-00402,Income Verification,Complete,2026-07-09,DOC-000402,document_manifest.csv
LN-00403,Loan Agreement,Complete,2026-07-16,DOC-000403,document_manifest.csv
LN-00404,Loan Agreement,Complete,2026-07-13,DOC-000404,document_manifest.csv
LN-00405,Income Verification,Partial,2026-07-26,DOC-000405,document_manifest.csv
LN-00406,Identity,Complete,2026-07-16,DOC-000406,document_manifest.csv
LN-00407,Loan Agreement,Complete,2026-07-12,DOC-000407,document_manifest.csv
LN-00408,Collateral,Complete,2026-07-31,DOC-000408,document_manifest.csv
LN-00409,Income Verification,Complete,2026-07-27,DOC-000409,document_manifest.csv
LN-00410,Collateral,Complete,2026-07-10,DOC-000410,document_manifest.csv
LN-00411,Identity,Complete,2026-07-13,DOC-000411,document_manifest.csv
LN-00412,Income Verification,Complete,2026-07-21,DOC-000412,document_manifest.csv
LN-00413,Loan Agreement,Complete,2026-07-18,DOC-000413,document_manifest.csv
LN-00414,Identity,Complete,2026-07-07,DOC-000414,document_manifest.csv
LN-00415,Identity,Complete,2026-07-07,DOC-000415,document_manifest.csv
LN-00416,Income Verification,Partial,2026-07-06,DOC-000416,document_manifest.csv
LN-00417,Loan Agreement,Complete,2026-07-03,DOC-000417,document_manifest.csv
LN-00418,Loan Agreement,Complete,2026-07-06,DOC-000418,document_manifest.csv
LN-00419,Identity,Complete,2026-07-15,DOC-000419,document_manifest.csv
LN-00420,Collateral,Complete,2026-07-31,DOC-000420,document_manifest.csv
LN-00421,Identity,Complete,2026-07-19,DOC-000421,document_manifest.csv
LN-00422,Income Verification,Complete,2026-07-26,DOC-000422,document_manifest.csv
LN-00423,Loan Agreement,Complete,2026-07-29,DOC-000423,document_manifest.csv
LN-00424,Collateral,Complete,2026-07-17,DOC-000424,document_manifest.csv
LN-00425,Collateral,Complete,2026-07-09,DOC-000425,document_manifest.csv
LN-00426,Identity,Complete,2026-07-25,DOC-000426,document_manifest.csv
LN-00427,Income Verification,Missing,2026-07-04,DOC-000427,document_manifest.csv
LN-00428,Identity,Complete,2026-07-26,DOC-000428,document_manifest.csv
LN-00429,Loan Agreement,Complete,2026-07-12,DOC-000429,document_manifest.csv
LN-00430,Loan Agreement,Complete,2026-07-15,DOC-000430,document_manifest.csv
LN-00431,Collateral,Complete,2026-07-02,DOC-000431,document_manifest.csv
LN-00432,Identity,Complete,2026-07-25,DOC-000432,document_manifest.csv
LN-00433,Identity,Complete,2026-07-31,DOC-000433,document_manifest.csv
LN-00434,Identity,Complete,2026-07-27,DOC-000434,document_manifest.csv
LN-00435,Loan Agreement,Complete,2026-07-02,DOC-000435,document_manifest.csv
LN-00436,Income Verification,Complete,2026-07-10,DOC-000436,document_manifest.csv
LN-00437,Identity,Complete,2026-07-17,DOC-000437,document_manifest.csv
LN-00438,Collateral,Complete,2026-07-24,DOC-000438,document_manifest.csv
LN-00439,Loan Agreement,Complete,2026-07-01,DOC-000439,document_manifest.csv
LN-00440,Collateral,Complete,2026-07-03,DOC-000440,document_manifest.csv
LN-00441,Identity,Partial,2026-07-03,DOC-000441,document_manifest.csv
LN-00442,Loan Agreement,Complete,2026-07-19,DOC-000442,document_manifest.csv
LN-00443,Identity,Complete,2026-07-14,DOC-000443,document_manifest.csv
LN-00444,Identity,Complete,2026-07-13,DOC-000444,document_manifest.csv
LN-00445,Collateral,Complete,2026-07-28,DOC-000445,document_manifest.csv
LN-00446,Loan Agreement,Complete,2026-07-14,DOC-000446,document_manifest.csv
LN-00447,Loan Agreement,Complete,2026-07-29,DOC-000447,document_manifest.csv
LN-00448,Loan Agreement,Complete,2026-07-03,DOC-000448,document_manifest.csv
LN-00449,Income Verification,Complete,2026-07-10,DOC-000449,document_manifest.csv
LN-00450,Loan Agreement,Complete,2026-07-12,DOC-000450,document_manifest.csv
LN-00451,Collateral,Complete,2026-07-03,DOC-000451,document_manifest.csv
LN-00452,Identity,Complete,2026-07-02,DOC-000452,document_manifest.csv
LN-00453,Collateral,Complete,2026-07-23,DOC-000453,document_manifest.csv
LN-00454,Identity,Complete,2026-07-09,DOC-000454,document_manifest.csv
LN-00455,Loan Agreement,Complete,2026-07-29,DOC-000455,document_manifest.csv
LN-00456,Income Verification,Complete,2026-07-30,DOC-000456,document_manifest.csv
LN-00457,Identity,Missing,2026-07-24,DOC-000457,document_manifest.csv
LN-00458,Collateral,Complete,2026-07-07,DOC-000458,document_manifest.csv
LN-00459,Identity,Complete,2026-07-07,DOC-000459,document_manifest.csv
LN-00460,Loan Agreement,Complete,2026-07-20,DOC-000460,document_manifest.csv
LN-00461,Income Verification,Complete,2026-07-22,DOC-000461,document_manifest.csv
LN-00462,Identity,Complete,2026-07-16,DOC-000462,document_manifest.csv
LN-00463,Loan Agreement,Complete,2026-07-05,DOC-000463,document_manifest.csv
LN-00464,Income Verification,Partial,2026-07-09,DOC-000464,document_manifest.csv
LN-00465,Collateral,Complete,2026-07-02,DOC-000465,document_manifest.csv
LN-00466,Collateral,Complete,2026-07-27,DOC-000466,document_manifest.csv
LN-00467,Income Verification,Complete,2026-07-25,DOC-000467,document_manifest.csv
LN-00468,Loan Agreement,Missing,2026-07-31,DOC-000468,document_manifest.csv
LN-00469,Identity,Complete,2026-07-11,DOC-000469,document_manifest.csv
LN-00470,Income Verification,Complete,2026-07-19,DOC-000470,document_manifest.csv
LN-00471,Loan Agreement,Complete,2026-07-08,DOC-000471,document_manifest.csv
LN-00472,Loan Agreement,Complete,2026-07-18,DOC-000472,document_manifest.csv
LN-00473,Income Verification,Complete,2026-07-15,DOC-000473,document_manifest.csv
LN-00474,Income Verification,Complete,2026-07-28,DOC-000474,document_manifest.csv
LN-00475,Collateral,Complete,2026-07-22,DOC-000475,document_manifest.csv
LN-00476,Collateral,Complete,2026-07-15,DOC-000476,document_manifest.csv
LN-00477,Income Verification,Complete,2026-07-07,DOC-000477,document_manifest.csv
LN-00478,Loan Agreement,Complete,2026-07-29,DOC-000478,document_manifest.csv
LN-00479,Collateral,Complete,2026-07-28,DOC-000479,document_manifest.csv
LN-00480,Loan Agreement,Partial,2026-07-08,DOC-000480,document_manifest.csv
LN-00481,Collateral,Complete,2026-07-07,DOC-000481,document_manifest.csv
LN-00482,Income Verification,Complete,2026-07-03,DOC-000482,document_manifest.csv
LN-00483,Identity,Complete,2026-07-09,DOC-000483,document_manifest.csv
LN-00484,Income Verification,Complete,2026-07-11,DOC-000484,document_manifest.csv
LN-00485,Income Verification,Complete,2026-07-28,DOC-000485,document_manifest.csv
LN-00486,Loan Agreement,Partial,2026-07-24,DOC-000486,document_manifest.csv
LN-00487,Income Verification,Complete,2026-07-30,DOC-000487,document_manifest.csv
LN-00488,Loan Agreement,Partial,2026-07-01,DOC-000488,document_manifest.csv
LN-00489,Income Verification,Complete,2026-07-19,DOC-000489,document_manifest.csv
LN-00490,Loan Agreement,Complete,2026-07-01,DOC-000490,document_manifest.csv
LN-00491,Identity,Complete,2026-07-20,DOC-000491,document_manifest.csv
LN-00492,Income Verification,Complete,2026-07-25,DOC-000492,document_manifest.csv
LN-00493,Collateral,Complete,2026-07-26,DOC-000493,document_manifest.csv
LN-00494,Loan Agreement,Complete,2026-07-08,DOC-000494,document_manifest.csv
LN-00495,Income Verification,Complete,2026-07-07,DOC-000495,document_manifest.csv
LN-00496,Collateral,Complete,2026-07-16,DOC-000496,document_manifest.csv
LN-00497,Income Verification,Complete,2026-07-12,DOC-000497,document_manifest.csv
LN-00498,Identity,Complete,2026-07-27,DOC-000498,document_manifest.csv
LN-00499,Identity,Complete,2026-07-05,DOC-000499,document_manifest.csv
LN-00500,Loan Agreement,Complete,2026-07-15,DOC-000500,document_manifest.csv
LN-00501,Identity,Partial,2026-07-19,DOC-000501,document_manifest.csv
LN-00502,Loan Agreement,Complete,2026-07-02,DOC-000502,document_manifest.csv
LN-00503,Income Verification,Complete,2026-07-31,DOC-000503,document_manifest.csv
LN-00504,Income Verification,Complete,2026-07-08,DOC-000504,document_manifest.csv
LN-00505,Collateral,Complete,2026-07-27,DOC-000505,document_manifest.csv
LN-00506,Identity,Complete,2026-07-16,DOC-000506,document_manifest.csv
LN-00507,Loan Agreement,Complete,2026-07-22,DOC-000507,document_manifest.csv
LN-00508,Income Verification,Complete,2026-07-24,DOC-000508,document_manifest.csv
LN-00509,Identity,Complete,2026-07-03,DOC-000509,document_manifest.csv
LN-00510,Identity,Complete,2026-07-30,DOC-000510,document_manifest.csv
LN-00511,Collateral,Complete,2026-07-19,DOC-000511,document_manifest.csv
LN-00512,Identity,Complete,2026-07-14,DOC-000512,document_manifest.csv
LN-00513,Collateral,Complete,2026-07-07,DOC-000513,document_manifest.csv
LN-00514,Identity,Complete,2026-07-23,DOC-000514,document_manifest.csv
LN-00515,Collateral,Complete,2026-07-26,DOC-000515,document_manifest.csv
LN-00516,Collateral,Complete,2026-07-24,DOC-000516,document_manifest.csv
LN-00517,Collateral,Complete,2026-07-25,DOC-000517,document_manifest.csv
LN-00518,Loan Agreement,Complete,2026-07-20,DOC-000518,document_manifest.csv
LN-00519,Collateral,Complete,2026-07-27,DOC-000519,document_manifest.csv
LN-00520,Collateral,Complete,2026-07-20,DOC-000520,document_manifest.csv
LN-00521,Loan Agreement,Partial,2026-07-19,DOC-000521,document_manifest.csv
LN-00522,Loan Agreement,Complete,2026-07-28,DOC-000522,document_manifest.csv
LN-00523,Identity,Complete,2026-07-16,DOC-000523,document_manifest.csv
LN-00524,Collateral,Complete,2026-07-19,DOC-000524,document_manifest.csv
LN-00525,Identity,Complete,2026-07-13,DOC-000525,document_manifest.csv
LN-00526,Identity,Complete,2026-07-06,DOC-000526,document_manifest.csv
LN-00527,Collateral,Complete,2026-07-18,DOC-000527,document_manifest.csv
LN-00528,Loan Agreement,Complete,2026-07-17,DOC-000528,document_manifest.csv
LN-00529,Collateral,Complete,2026-07-01,DOC-000529,document_manifest.csv
LN-00530,Income Verification,Complete,2026-07-07,DOC-000530,document_manifest.csv
LN-00531,Identity,Complete,2026-07-11,DOC-000531,document_manifest.csv
LN-00532,Identity,Complete,2026-07-24,DOC-000532,document_manifest.csv
LN-00533,Income Verification,Complete,2026-07-28,DOC-000533,document_manifest.csv
LN-00534,Loan Agreement,Complete,2026-07-31,DOC-000534,document_manifest.csv
LN-00535,Income Verification,Complete,2026-07-04,DOC-000535,document_manifest.csv
LN-00536,Identity,Complete,2026-07-25,DOC-000536,document_manifest.csv
LN-00537,Collateral,Complete,2026-07-12,DOC-000537,document_manifest.csv
LN-00538,Identity,Complete,2026-07-07,DOC-000538,document_manifest.csv
LN-00539,Collateral,Complete,2026-07-04,DOC-000539,document_manifest.csv
LN-00540,Income Verification,Complete,2026-07-26,DOC-000540,document_manifest.csv
LN-00541,Loan Agreement,Complete,2026-07-19,DOC-000541,document_manifest.csv
LN-00542,Loan Agreement,Complete,2026-07-23,DOC-000542,document_manifest.csv
LN-00543,Income Verification,Complete,2026-07-06,DOC-000543,document_manifest.csv
LN-00544,Identity,Complete,2026-07-19,DOC-000544,document_manifest.csv
LN-00545,Collateral,Complete,2026-07-29,DOC-000545,document_manifest.csv
LN-00546,Income Verification,Complete,2026-07-04,DOC-000546,document_manifest.csv
LN-00547,Income Verification,Complete,2026-07-25,DOC-000547,document_manifest.csv
LN-00548,Income Verification,Complete,2026-07-12,DOC-000548,document_manifest.csv
LN-00549,Identity,Complete,2026-07-05,DOC-000549,document_manifest.csv
LN-00550,Loan Agreement,Complete,2026-07-23,DOC-000550,document_manifest.csv
LN-00551,Collateral,Complete,2026-07-04,DOC-000551,document_manifest.csv
LN-00552,Identity,Complete,2026-07-28,DOC-000552,document_manifest.csv
LN-00553,Income Verification,Complete,2026-07-14,DOC-000553,document_manifest.csv
LN-00554,Collateral,Complete,2026-07-23,DOC-000554,document_manifest.csv
LN-00555,Identity,Complete,2026-07-31,DOC-000555,document_manifest.csv
LN-00556,Income Verification,Complete,2026-07-06,DOC-000556,document_manifest.csv
LN-00557,Collateral,Complete,2026-07-20,DOC-000557,document_manifest.csv
LN-00558,Identity,Complete,2026-07-22,DOC-000558,document_manifest.csv
LN-00559,Income Verification,Complete,2026-07-03,DOC-000559,document_manifest.csv
LN-00560,Collateral,Complete,2026-07-17,DOC-000560,document_manifest.csv
LN-00561,Identity,Complete,2026-07-30,DOC-000561,document_manifest.csv
LN-00562,Collateral,Complete,2026-07-13,DOC-000562,document_manifest.csv
LN-00563,Loan Agreement,Complete,2026-07-17,DOC-000563,document_manifest.csv
LN-00564,Income Verification,Complete,2026-07-11,DOC-000564,document_manifest.csv
LN-00565,Loan Agreement,Complete,2026-07-15,DOC-000565,document_manifest.csv
LN-00566,Income Verification,Complete,2026-07-17,DOC-000566,document_manifest.csv
LN-00567,Identity,Complete,2026-07-21,DOC-000567,document_manifest.csv
LN-00568,Loan Agreement,Complete,2026-07-23,DOC-000568,document_manifest.csv
LN-00569,Income Verification,Complete,2026-07-20,DOC-000569,document_manifest.csv
LN-00570,Loan Agreement,Complete,2026-07-18,DOC-000570,document_manifest.csv
LN-00571,Income Verification,Complete,2026-07-09,DOC-000571,document_manifest.csv
LN-00572,Loan Agreement,Complete,2026-07-24,DOC-000572,document_manifest.csv
LN-00573,Collateral,Complete,2026-07-31,DOC-000573,document_manifest.csv
LN-00574,Collateral,Complete,2026-07-03,DOC-000574,document_manifest.csv
LN-00575,Loan Agreement,Complete,2026-07-02,DOC-000575,document_manifest.csv
LN-00576,Collateral,Complete,2026-07-28,DOC-000576,document_manifest.csv
LN-00577,Loan Agreement,Complete,2026-07-17,DOC-000577,document_manifest.csv
LN-00578,Collateral,Complete,2026-07-06,DOC-000578,document_manifest.csv
LN-00579,Identity,Complete,2026-07-31,DOC-000579,document_manifest.csv
LN-00580,Loan Agreement,Complete,2026-07-04,DOC-000580,document_manifest.csv
LN-00581,Identity,Complete,2026-07-16,DOC-000581,document_manifest.csv
LN-00582,Collateral,Complete,2026-07-25,DOC-000582,document_manifest.csv
LN-00583,Collateral,Complete,2026-07-16,DOC-000583,document_manifest.csv
LN-00584,Loan Agreement,Complete,2026-07-31,DOC-000584,document_manifest.csv
LN-00585,Income Verification,Complete,2026-07-05,DOC-000585,document_manifest.csv
LN-00586,Income Verification,Complete,2026-07-22,DOC-000586,document_manifest.csv
LN-00587,Collateral,Complete,2026-07-25,DOC-000587,document_manifest.csv
LN-00588,Income Verification,Complete,2026-07-12,DOC-000588,document_manifest.csv
LN-00589,Loan Agreement,Complete,2026-07-26,DOC-000589,document_manifest.csv
LN-00590,Identity,Complete,2026-07-31,DOC-000590,document_manifest.csv
LN-00591,Collateral,Complete,2026-07-04,DOC-000591,document_manifest.csv
LN-00592,Loan Agreement,Complete,2026-07-16,DOC-000592,document_manifest.csv
LN-00593,Collateral,Complete,2026-07-31,DOC-000593,document_manifest.csv
LN-00594,Loan Agreement,Complete,2026-07-12,DOC-000594,document_manifest.csv
LN-00595,Income Verification,Complete,2026-07-19,DOC-000595,document_manifest.csv
LN-00596,Income Verification,Partial,2026-07-13,DOC-000596,document_manifest.csv
LN-00597,Identity,Complete,2026-07-17,DOC-000597,document_manifest.csv
LN-00598,Identity,Complete,2026-07-10,DOC-000598,document_manifest.csv
LN-00599,Income Verification,Complete,2026-07-11,DOC-000599,document_manifest.csv
LN-00600,Loan Agreement,Complete,2026-07-22,DOC-000600,document_manifest.csv
LN-00601,Collateral,Complete,2026-07-16,DOC-000601,document_manifest.csv
LN-00602,Income Verification,Complete,2026-07-25,DOC-000602,document_manifest.csv
LN-00603,Identity,Complete,2026-07-07,DOC-000603,document_manifest.csv
LN-00604,Income Verification,Complete,2026-07-27,DOC-000604,document_manifest.csv
LN-00605,Loan Agreement,Complete,2026-07-06,DOC-000605,document_manifest.csv
LN-00606,Income Verification,Complete,2026-07-31,DOC-000606,document_manifest.csv
LN-00607,Income Verification,Complete,2026-07-17,DOC-000607,document_manifest.csv
LN-00608,Income Verification,Complete,2026-07-03,DOC-000608,document_manifest.csv
LN-00609,Identity,Complete,2026-07-22,DOC-000609,document_manifest.csv
LN-00610,Income Verification,Complete,2026-07-20,DOC-000610,document_manifest.csv
LN-00611,Loan Agreement,Complete,2026-07-05,DOC-000611,document_manifest.csv
LN-00612,Income Verification,Complete,2026-07-14,DOC-000612,document_manifest.csv
LN-00613,Loan Agreement,Complete,2026-07-27,DOC-000613,document_manifest.csv
LN-00614,Loan Agreement,Complete,2026-07-09,DOC-000614,document_manifest.csv
LN-00615,Income Verification,Complete,2026-07-20,DOC-000615,document_manifest.csv
LN-00616,Identity,Complete,2026-07-22,DOC-000616,document_manifest.csv
LN-00617,Income Verification,Complete,2026-07-21,DOC-000617,document_manifest.csv
LN-00618,Loan Agreement,Complete,2026-07-29,DOC-000618,document_manifest.csv
LN-00619,Loan Agreement,Complete,2026-07-30,DOC-000619,document_manifest.csv
LN-00620,Income Verification,Complete,2026-07-27,DOC-000620,document_manifest.csv
LN-00621,Identity,Complete,2026-07-27,DOC-000621,document_manifest.csv
LN-00622,Income Verification,Complete,2026-07-07,DOC-000622,document_manifest.csv
LN-00623,Collateral,Complete,2026-07-24,DOC-000623,document_manifest.csv
LN-00624,Income Verification,Complete,2026-07-04,DOC-000624,document_manifest.csv
LN-00625,Loan Agreement,Complete,2026-07-10,DOC-000625,document_manifest.csv
LN-00626,Collateral,Complete,2026-07-30,DOC-000626,document_manifest.csv
LN-00627,Identity,Complete,2026-07-14,DOC-000627,document_manifest.csv
LN-00628,Loan Agreement,Complete,2026-07-14,DOC-000628,document_manifest.csv
LN-00629,Identity,Complete,2026-07-21,DOC-000629,document_manifest.csv
LN-00630,Loan Agreement,Complete,2026-07-01,DOC-000630,document_manifest.csv
LN-00631,Identity,Complete,2026-07-24,DOC-000631,document_manifest.csv
LN-00632,Income Verification,Complete,2026-07-09,DOC-000632,document_manifest.csv
LN-00633,Loan Agreement,Complete,2026-07-15,DOC-000633,document_manifest.csv
LN-00634,Income Verification,Complete,2026-07-14,DOC-000634,document_manifest.csv
LN-00635,Income Verification,Complete,2026-07-31,DOC-000635,document_manifest.csv
LN-00636,Income Verification,Complete,2026-07-30,DOC-000636,document_manifest.csv
LN-00637,Identity,Complete,2026-07-24,DOC-000637,document_manifest.csv
LN-00638,Identity,Complete,2026-07-27,DOC-000638,document_manifest.csv
LN-00639,Loan Agreement,Partial,2026-07-11,DOC-000639,document_manifest.csv
LN-00640,Identity,Complete,2026-07-05,DOC-000640,document_manifest.csv
LN-00641,Loan Agreement,Complete,2026-07-19,DOC-000641,document_manifest.csv
LN-00642,Income Verification,Complete,2026-07-04,DOC-000642,document_manifest.csv
LN-00643,Collateral,Complete,2026-07-19,DOC-000643,document_manifest.csv
LN-00644,Loan Agreement,Complete,2026-07-12,DOC-000644,document_manifest.csv
LN-00645,Collateral,Complete,2026-07-07,DOC-000645,document_manifest.csv
LN-00646,Identity,Complete,2026-07-24,DOC-000646,document_manifest.csv
LN-00647,Loan Agreement,Complete,2026-07-24,DOC-000647,document_manifest.csv
LN-00648,Identity,Complete,2026-07-12,DOC-000648,document_manifest.csv
LN-00649,Loan Agreement,Complete,2026-07-28,DOC-000649,document_manifest.csv
LN-00650,Collateral,Complete,2026-07-23,DOC-000650,document_manifest.csv
LN-00651,Income Verification,Complete,2026-07-15,DOC-000651,document_manifest.csv
LN-00652,Income Verification,Complete,2026-07-02,DOC-000652,document_manifest.csv
LN-00653,Identity,Complete,2026-07-29,DOC-000653,document_manifest.csv
LN-00654,Identity,Complete,2026-07-11,DOC-000654,document_manifest.csv
LN-00655,Loan Agreement,Complete,2026-07-13,DOC-000655,document_manifest.csv
LN-00656,Income Verification,Complete,2026-07-02,DOC-000656,document_manifest.csv
LN-00657,Loan Agreement,Complete,2026-07-16,DOC-000657,document_manifest.csv
LN-00658,Collateral,Complete,2026-07-17,DOC-000658,document_manifest.csv
LN-00659,Loan Agreement,Complete,2026-07-10,DOC-000659,document_manifest.csv
LN-00660,Loan Agreement,Complete,2026-07-14,DOC-000660,document_manifest.csv
LN-00661,Income Verification,Complete,2026-07-25,DOC-000661,document_manifest.csv
LN-00662,Identity,Complete,2026-07-08,DOC-000662,document_manifest.csv
LN-00663,Income Verification,Complete,2026-07-24,DOC-000663,document_manifest.csv
LN-00664,Loan Agreement,Complete,2026-07-18,DOC-000664,document_manifest.csv
LN-00665,Income Verification,Complete,2026-07-11,DOC-000665,document_manifest.csv
LN-00666,Identity,Complete,2026-07-12,DOC-000666,document_manifest.csv
LN-00667,Identity,Complete,2026-07-05,DOC-000667,document_manifest.csv
LN-00668,Collateral,Complete,2026-07-28,DOC-000668,document_manifest.csv
LN-00669,Income Verification,Complete,2026-07-20,DOC-000669,document_manifest.csv
LN-00670,Income Verification,Partial,2026-07-15,DOC-000670,document_manifest.csv
LN-00671,Income Verification,Complete,2026-07-17,DOC-000671,document_manifest.csv
LN-00672,Identity,Complete,2026-07-12,DOC-000672,document_manifest.csv
LN-00673,Income Verification,Complete,2026-07-08,DOC-000673,document_manifest.csv
LN-00674,Loan Agreement,Complete,2026-07-31,DOC-000674,document_manifest.csv
LN-00675,Identity,Partial,2026-07-01,DOC-000675,document_manifest.csv
LN-00676,Identity,Complete,2026-07-15,DOC-000676,document_manifest.csv
LN-00677,Income Verification,Complete,2026-07-01,DOC-000677,document_manifest.csv
LN-00678,Loan Agreement,Partial,2026-07-16,DOC-000678,document_manifest.csv
LN-00679,Identity,Complete,2026-07-08,DOC-000679,document_manifest.csv
LN-00680,Loan Agreement,Complete,2026-07-28,DOC-000680,document_manifest.csv
LN-00681,Loan Agreement,Complete,2026-07-19,DOC-000681,document_manifest.csv
LN-00682,Collateral,Complete,2026-07-05,DOC-000682,document_manifest.csv
LN-00683,Income Verification,Complete,2026-07-17,DOC-000683,document_manifest.csv
LN-00684,Loan Agreement,Complete,2026-07-11,DOC-000684,document_manifest.csv
LN-00685,Income Verification,Complete,2026-07-09,DOC-000685,document_manifest.csv
LN-00686,Income Verification,Complete,2026-07-28,DOC-000686,document_manifest.csv
LN-00687,Identity,Partial,2026-07-05,DOC-000687,document_manifest.csv
LN-00688,Loan Agreement,Complete,2026-07-24,DOC-000688,document_manifest.csv
LN-00689,Identity,Complete,2026-07-26,DOC-000689,document_manifest.csv
LN-00690,Income Verification,Complete,2026-07-01,DOC-000690,document_manifest.csv
LN-00691,Loan Agreement,Complete,2026-07-18,DOC-000691,document_manifest.csv
LN-00692,Loan Agreement,Complete,2026-07-12,DOC-000692,document_manifest.csv
LN-00693,Collateral,Complete,2026-07-06,DOC-000693,document_manifest.csv
LN-00694,Loan Agreement,Complete,2026-07-20,DOC-000694,document_manifest.csv
LN-00695,Collateral,Complete,2026-07-03,DOC-000695,document_manifest.csv
LN-00696,Income Verification,Complete,2026-07-27,DOC-000696,document_manifest.csv
LN-00697,Loan Agreement,Complete,2026-07-14,DOC-000697,document_manifest.csv
LN-00698,Loan Agreement,Complete,2026-07-10,DOC-000698,document_manifest.csv
LN-00699,Collateral,Complete,2026-07-22,DOC-000699,document_manifest.csv
LN-00700,Collateral,Complete,2026-07-15,DOC-000700,document_manifest.csv
LN-00701,Income Verification,Complete,2026-07-14,DOC-000701,document_manifest.csv
LN-00702,Collateral,Complete,2026-07-18,DOC-000702,document_manifest.csv
LN-00703,Collateral,Complete,2026-07-02,DOC-000703,document_manifest.csv
LN-00704,Loan Agreement,Complete,2026-07-31,DOC-000704,document_manifest.csv
LN-00705,Loan Agreement,Complete,2026-07-26,DOC-000705,document_manifest.csv
LN-00706,Collateral,Complete,2026-07-04,DOC-000706,document_manifest.csv
LN-00707,Collateral,Complete,2026-07-25,DOC-000707,document_manifest.csv
LN-00708,Collateral,Complete,2026-07-07,DOC-000708,document_manifest.csv
LN-00709,Income Verification,Complete,2026-07-18,DOC-000709,document_manifest.csv
LN-00710,Loan Agreement,Missing,2026-07-22,DOC-000710,document_manifest.csv
LN-00711,Loan Agreement,Complete,2026-07-31,DOC-000711,document_manifest.csv
LN-00712,Income Verification,Complete,2026-07-19,DOC-000712,document_manifest.csv
LN-00713,Collateral,Complete,2026-07-02,DOC-000713,document_manifest.csv
LN-00714,Income Verification,Complete,2026-07-25,DOC-000714,document_manifest.csv
LN-00715,Identity,Complete,2026-07-27,DOC-000715,document_manifest.csv
LN-00716,Income Verification,Missing,2026-07-08,DOC-000716,document_manifest.csv
LN-00717,Income Verification,Complete,2026-07-01,DOC-000717,document_manifest.csv
LN-00718,Income Verification,Complete,2026-07-21,DOC-000718,document_manifest.csv
LN-00719,Identity,Complete,2026-07-28,DOC-000719,document_manifest.csv
LN-00720,Collateral,Complete,2026-07-04,DOC-000720,document_manifest.csv
LN-00721,Collateral,Complete,2026-07-21,DOC-000721,document_manifest.csv
LN-00722,Identity,Complete,2026-07-11,DOC-000722,document_manifest.csv
LN-00723,Loan Agreement,Missing,2026-07-24,DOC-000723,document_manifest.csv
LN-00724,Collateral,Complete,2026-07-11,DOC-000724,document_manifest.csv
LN-00725,Identity,Complete,2026-07-04,DOC-000725,document_manifest.csv
LN-00726,Identity,Complete,2026-07-21,DOC-000726,document_manifest.csv
LN-00727,Loan Agreement,Complete,2026-07-19,DOC-000727,document_manifest.csv
LN-00728,Identity,Complete,2026-07-29,DOC-000728,document_manifest.csv
LN-00729,Loan Agreement,Complete,2026-07-12,DOC-000729,document_manifest.csv
LN-00730,Collateral,Complete,2026-07-26,DOC-000730,document_manifest.csv
LN-00731,Loan Agreement,Complete,2026-07-05,DOC-000731,document_manifest.csv
LN-00732,Identity,Complete,2026-07-25,DOC-000732,document_manifest.csv
LN-00733,Collateral,Complete,2026-07-30,DOC-000733,document_manifest.csv
LN-00734,Identity,Partial,2026-07-06,DOC-000734,document_manifest.csv
LN-00735,Collateral,Complete,2026-07-14,DOC-000735,document_manifest.csv
LN-00736,Income Verification,Complete,2026-07-18,DOC-000736,document_manifest.csv
LN-00737,Income Verification,Complete,2026-07-30,DOC-000737,document_manifest.csv
LN-00738,Loan Agreement,Complete,2026-07-03,DOC-000738,document_manifest.csv
LN-00739,Loan Agreement,Complete,2026-07-11,DOC-000739,document_manifest.csv
LN-00740,Loan Agreement,Complete,2026-07-21,DOC-000740,document_manifest.csv
LN-00741,Identity,Complete,2026-07-27,DOC-000741,document_manifest.csv
LN-00742,Income Verification,Complete,2026-07-19,DOC-000742,document_manifest.csv
LN-00743,Income Verification,Complete,2026-07-24,DOC-000743,document_manifest.csv
LN-00744,Income Verification,Complete,2026-07-16,DOC-000744,document_manifest.csv
LN-00745,Identity,Complete,2026-07-25,DOC-000745,document_manifest.csv
LN-00746,Collateral,Complete,2026-07-11,DOC-000746,document_manifest.csv
LN-00747,Identity,Complete,2026-07-11,DOC-000747,document_manifest.csv
LN-00748,Collateral,Complete,2026-07-03,DOC-000748,document_manifest.csv
LN-00749,Loan Agreement,Complete,2026-07-18,DOC-000749,document_manifest.csv
LN-00750,Collateral,Complete,2026-07-15,DOC-000750,document_manifest.csv
LN-00751,Income Verification,Complete,2026-07-18,DOC-000751,document_manifest.csv
LN-00752,Identity,Partial,2026-07-27,DOC-000752,document_manifest.csv
LN-00753,Income Verification,Complete,2026-07-09,DOC-000753,document_manifest.csv
LN-00754,Income Verification,Complete,2026-07-29,DOC-000754,document_manifest.csv
LN-00755,Income Verification,Complete,2026-07-20,DOC-000755,document_manifest.csv
LN-00756,Income Verification,Complete,2026-07-25,DOC-000756,document_manifest.csv
LN-00757,Identity,Complete,2026-07-25,DOC-000757,document_manifest.csv
LN-00758,Income Verification,Complete,2026-07-10,DOC-000758,document_manifest.csv
LN-00759,Collateral,Complete,2026-07-04,DOC-000759,document_manifest.csv
LN-00760,Identity,Complete,2026-07-09,DOC-000760,document_manifest.csv
LN-00761,Collateral,Complete,2026-07-30,DOC-000761,document_manifest.csv
LN-00762,Loan Agreement,Complete,2026-07-17,DOC-000762,document_manifest.csv
LN-00763,Income Verification,Complete,2026-07-11,DOC-000763,document_manifest.csv
LN-00764,Income Verification,Complete,2026-07-05,DOC-000764,document_manifest.csv
LN-00765,Identity,Complete,2026-07-21,DOC-000765,document_manifest.csv
LN-00766,Loan Agreement,Complete,2026-07-06,DOC-000766,document_manifest.csv
LN-00767,Collateral,Complete,2026-07-02,DOC-000767,document_manifest.csv
LN-00768,Identity,Complete,2026-07-07,DOC-000768,document_manifest.csv
LN-00769,Collateral,Complete,2026-07-11,DOC-000769,document_manifest.csv
LN-00770,Collateral,Complete,2026-07-16,DOC-000770,document_manifest.csv
LN-00771,Collateral,Complete,2026-07-02,DOC-000771,document_manifest.csv
LN-00772,Loan Agreement,Complete,2026-07-10,DOC-000772,document_manifest.csv
LN-00773,Income Verification,Complete,2026-07-31,DOC-000773,document_manifest.csv
LN-00774,Loan Agreement,Complete,2026-07-22,DOC-000774,document_manifest.csv
LN-00775,Income Verification,Complete,2026-07-16,DOC-000775,document_manifest.csv
LN-00776,Collateral,Complete,2026-07-09,DOC-000776,document_manifest.csv
LN-00777,Income Verification,Complete,2026-07-17,DOC-000777,document_manifest.csv
LN-00778,Loan Agreement,Complete,2026-07-09,DOC-000778,document_manifest.csv
LN-00779,Income Verification,Complete,2026-07-25,DOC-000779,document_manifest.csv
LN-00780,Income Verification,Partial,2026-07-27,DOC-000780,document_manifest.csv
LN-00781,Identity,Complete,2026-07-23,DOC-000781,document_manifest.csv
LN-00782,Identity,Complete,2026-07-03,DOC-000782,document_manifest.csv
LN-00783,Loan Agreement,Complete,2026-07-27,DOC-000783,document_manifest.csv
LN-00784,Identity,Complete,2026-07-04,DOC-000784,document_manifest.csv
LN-00785,Collateral,Complete,2026-07-11,DOC-000785,document_manifest.csv
LN-00786,Income Verification,Complete,2026-07-31,DOC-000786,document_manifest.csv
LN-00787,Loan Agreement,Complete,2026-07-14,DOC-000787,document_manifest.csv
LN-00788,Collateral,Complete,2026-07-30,DOC-000788,document_manifest.csv
LN-00789,Loan Agreement,Complete,2026-07-05,DOC-000789,document_manifest.csv
LN-00790,Loan Agreement,Complete,2026-07-23,DOC-000790,document_manifest.csv
LN-00791,Collateral,Complete,2026-07-20,DOC-000791,document_manifest.csv
LN-00792,Loan Agreement,Complete,2026-07-27,DOC-000792,document_manifest.csv
LN-00793,Loan Agreement,Complete,2026-07-24,DOC-000793,document_manifest.csv
LN-00794,Loan Agreement,Complete,2026-07-08,DOC-000794,document_manifest.csv
LN-00795,Income Verification,Complete,2026-07-29,DOC-000795,document_manifest.csv
LN-00796,Identity,Complete,2026-07-05,DOC-000796,document_manifest.csv
LN-00797,Income Verification,Complete,2026-07-27,DOC-000797,document_manifest.csv
LN-00798,Collateral,Complete,2026-07-31,DOC-000798,document_manifest.csv
LN-00799,Collateral,Complete,2026-07-02,DOC-000799,document_manifest.csv
LN-00800,Identity,Complete,2026-07-06,DOC-000800,document_manifest.csv
LN-00801,Collateral,Complete,2026-07-15,DOC-000801,document_manifest.csv
LN-00802,Income Verification,Missing,2026-07-18,DOC-000802,document_manifest.csv
LN-00803,Income Verification,Complete,2026-07-06,DOC-000803,document_manifest.csv
LN-00804,Income Verification,Complete,2026-07-06,DOC-000804,document_manifest.csv
LN-00805,Identity,Complete,2026-07-11,DOC-000805,document_manifest.csv
LN-00806,Collateral,Complete,2026-07-11,DOC-000806,document_manifest.csv
LN-00807,Loan Agreement,Complete,2026-07-13,DOC-000807,document_manifest.csv
LN-00808,Income Verification,Complete,2026-07-15,DOC-000808,document_manifest.csv
LN-00809,Loan Agreement,Complete,2026-07-10,DOC-000809,document_manifest.csv
LN-00810,Identity,Complete,2026-07-12,DOC-000810,document_manifest.csv
LN-00811,Income Verification,Complete,2026-07-05,DOC-000811,document_manifest.csv
LN-00812,Income Verification,Complete,2026-07-02,DOC-000812,document_manifest.csv
LN-00813,Income Verification,Complete,2026-07-18,DOC-000813,document_manifest.csv
LN-00814,Loan Agreement,Complete,2026-07-23,DOC-000814,document_manifest.csv
LN-00815,Income Verification,Complete,2026-07-19,DOC-000815,document_manifest.csv
LN-00816,Collateral,Complete,2026-07-27,DOC-000816,document_manifest.csv
LN-00817,Loan Agreement,Complete,2026-07-04,DOC-000817,document_manifest.csv
LN-00818,Loan Agreement,Complete,2026-07-12,DOC-000818,document_manifest.csv
LN-00819,Income Verification,Partial,2026-07-30,DOC-000819,document_manifest.csv
LN-00820,Collateral,Complete,2026-07-18,DOC-000820,document_manifest.csv
LN-00821,Collateral,Complete,2026-07-24,DOC-000821,document_manifest.csv
LN-00822,Income Verification,Complete,2026-07-20,DOC-000822,document_manifest.csv
LN-00823,Identity,Complete,2026-07-19,DOC-000823,document_manifest.csv
LN-00824,Loan Agreement,Partial,2026-07-12,DOC-000824,document_manifest.csv
LN-00825,Identity,Complete,2026-07-31,DOC-000825,document_manifest.csv
LN-00826,Income Verification,Complete,2026-07-27,DOC-000826,document_manifest.csv
LN-00827,Identity,Complete,2026-07-14,DOC-000827,document_manifest.csv
LN-00828,Income Verification,Complete,2026-07-26,DOC-000828,document_manifest.csv
LN-00829,Income Verification,Complete,2026-07-02,DOC-000829,document_manifest.csv
LN-00830,Loan Agreement,Complete,2026-07-11,DOC-000830,document_manifest.csv
LN-00831,Identity,Complete,2026-07-08,DOC-000831,document_manifest.csv
LN-00832,Collateral,Complete,2026-07-30,DOC-000832,document_manifest.csv
LN-00833,Identity,Complete,2026-07-29,DOC-000833,document_manifest.csv
LN-00834,Loan Agreement,Complete,2026-07-21,DOC-000834,document_manifest.csv
LN-00835,Income Verification,Complete,2026-07-11,DOC-000835,document_manifest.csv
LN-00836,Collateral,Complete,2026-07-16,DOC-000836,document_manifest.csv
LN-00837,Identity,Complete,2026-07-24,DOC-000837,document_manifest.csv
LN-00838,Collateral,Complete,2026-07-18,DOC-000838,document_manifest.csv
LN-00839,Income Verification,Complete,2026-07-04,DOC-000839,document_manifest.csv
LN-00840,Collateral,Complete,2026-07-31,DOC-000840,document_manifest.csv
LN-00841,Income Verification,Complete,2026-07-03,DOC-000841,document_manifest.csv
LN-00842,Loan Agreement,Missing,2026-07-18,DOC-000842,document_manifest.csv
LN-00843,Loan Agreement,Complete,2026-07-04,DOC-000843,document_manifest.csv
LN-00844,Income Verification,Complete,2026-07-10,DOC-000844,document_manifest.csv
LN-00845,Income Verification,Complete,2026-07-12,DOC-000845,document_manifest.csv
LN-00846,Identity,Missing,2026-07-21,DOC-000846,document_manifest.csv
LN-00847,Income Verification,Complete,2026-07-02,DOC-000847,document_manifest.csv
LN-00848,Loan Agreement,Complete,2026-07-16,DOC-000848,document_manifest.csv
LN-00849,Identity,Complete,2026-07-16,DOC-000849,document_manifest.csv
LN-00850,Identity,Complete,2026-07-23,DOC-000850,document_manifest.csv
LN-00851,Loan Agreement,Complete,2026-07-11,DOC-000851,document_manifest.csv
LN-00852,Collateral,Complete,2026-07-09,DOC-000852,document_manifest.csv
LN-00853,Collateral,Complete,2026-07-17,DOC-000853,document_manifest.csv
LN-00854,Income Verification,Complete,2026-07-02,DOC-000854,document_manifest.csv
LN-00855,Identity,Complete,2026-07-12,DOC-000855,document_manifest.csv
LN-00856,Income Verification,Complete,2026-07-05,DOC-000856,document_manifest.csv
LN-00857,Loan Agreement,Complete,2026-07-22,DOC-000857,document_manifest.csv
LN-00858,Identity,Complete,2026-07-18,DOC-000858,document_manifest.csv
LN-00859,Loan Agreement,Complete,2026-07-17,DOC-000859,document_manifest.csv
LN-00860,Income Verification,Complete,2026-07-01,DOC-000860,document_manifest.csv
LN-00861,Loan Agreement,Complete,2026-07-07,DOC-000861,document_manifest.csv
LN-00862,Income Verification,Complete,2026-07-07,DOC-000862,document_manifest.csv
LN-00863,Income Verification,Complete,2026-07-27,DOC-000863,document_manifest.csv
LN-00864,Identity,Complete,2026-07-02,DOC-000864,document_manifest.csv
LN-00865,Identity,Complete,2026-07-06,DOC-000865,document_manifest.csv
LN-00866,Loan Agreement,Partial,2026-07-07,DOC-000866,document_manifest.csv
LN-00867,Identity,Missing,2026-07-24,DOC-000867,document_manifest.csv
LN-00868,Income Verification,Partial,2026-07-05,DOC-000868,document_manifest.csv
LN-00869,Collateral,Complete,2026-07-07,DOC-000869,document_manifest.csv
LN-00870,Collateral,Complete,2026-07-19,DOC-000870,document_manifest.csv
LN-00871,Loan Agreement,Complete,2026-07-29,DOC-000871,document_manifest.csv
LN-00872,Income Verification,Complete,2026-07-29,DOC-000872,document_manifest.csv
LN-00873,Identity,Complete,2026-07-08,DOC-000873,document_manifest.csv
LN-00874,Identity,Complete,2026-07-17,DOC-000874,document_manifest.csv
LN-00875,Income Verification,Complete,2026-07-27,DOC-000875,document_manifest.csv
LN-00876,Identity,Complete,2026-07-31,DOC-000876,document_manifest.csv
LN-00877,Collateral,Complete,2026-07-04,DOC-000877,document_manifest.csv
LN-00878,Income Verification,Complete,2026-07-24,DOC-000878,document_manifest.csv
LN-00879,Income Verification,Partial,2026-07-03,DOC-000879,document_manifest.csv
LN-00880,Income Verification,Complete,2026-07-29,DOC-000880,document_manifest.csv
LN-00881,Income Verification,Missing,2026-07-26,DOC-000881,document_manifest.csv
LN-00882,Loan Agreement,Complete,2026-07-06,DOC-000882,document_manifest.csv
LN-00883,Identity,Partial,2026-07-05,DOC-000883,document_manifest.csv
LN-00884,Identity,Complete,2026-07-22,DOC-000884,document_manifest.csv
LN-00885,Collateral,Complete,2026-07-06,DOC-000885,document_manifest.csv
LN-00886,Loan Agreement,Complete,2026-07-01,DOC-000886,document_manifest.csv
LN-00887,Income Verification,Complete,2026-07-03,DOC-000887,document_manifest.csv
LN-00888,Collateral,Complete,2026-07-05,DOC-000888,document_manifest.csv
LN-00889,Loan Agreement,Missing,2026-07-28,DOC-000889,document_manifest.csv
LN-00890,Identity,Complete,2026-07-02,DOC-000890,document_manifest.csv
LN-00891,Identity,Complete,2026-07-22,DOC-000891,document_manifest.csv
LN-00892,Income Verification,Complete,2026-07-22,DOC-000892,document_manifest.csv
LN-00893,Identity,Complete,2026-07-26,DOC-000893,document_manifest.csv
LN-00894,Identity,Complete,2026-07-23,DOC-000894,document_manifest.csv
LN-00895,Loan Agreement,Complete,2026-07-31,DOC-000895,document_manifest.csv
LN-00896,Identity,Complete,2026-07-16,DOC-000896,document_manifest.csv
LN-00897,Collateral,Complete,2026-07-12,DOC-000897,document_manifest.csv
LN-00898,Loan Agreement,Complete,2026-07-05,DOC-000898,document_manifest.csv
LN-00899,Identity,Partial,2026-07-24,DOC-000899,document_manifest.csv
LN-00900,Income Verification,Complete,2026-07-01,DOC-000900,document_manifest.csv
LN-00901,Collateral,Complete,2026-07-23,DOC-000901,document_manifest.csv
LN-00902,Identity,Complete,2026-07-22,DOC-000902,document_manifest.csv
LN-00903,Loan Agreement,Complete,2026-07-20,DOC-000903,document_manifest.csv
LN-00904,Income Verification,Complete,2026-07-18,DOC-000904,document_manifest.csv
LN-00905,Identity,Complete,2026-07-24,DOC-000905,document_manifest.csv
LN-00906,Identity,Partial,2026-07-20,DOC-000906,document_manifest.csv
LN-00907,Loan Agreement,Complete,2026-07-30,DOC-000907,document_manifest.csv
LN-00908,Income Verification,Complete,2026-07-30,DOC-000908,document_manifest.csv
LN-00909,Income Verification,Complete,2026-07-14,DOC-000909,document_manifest.csv
LN-00910,Loan Agreement,Complete,2026-07-26,DOC-000910,document_manifest.csv
LN-00911,Identity,Complete,2026-07-28,DOC-000911,document_manifest.csv
LN-00912,Identity,Complete,2026-07-10,DOC-000912,document_manifest.csv
LN-00913,Income Verification,Complete,2026-07-06,DOC-000913,document_manifest.csv
LN-00914,Identity,Missing,2026-07-26,DOC-000914,document_manifest.csv
LN-00915,Income Verification,Complete,2026-07-09,DOC-000915,document_manifest.csv
LN-00916,Identity,Complete,2026-07-22,DOC-000916,document_manifest.csv
LN-00917,Identity,Complete,2026-07-31,DOC-000917,document_manifest.csv
LN-00918,Collateral,Complete,2026-07-05,DOC-000918,document_manifest.csv
LN-00919,Income Verification,Complete,2026-07-27,DOC-000919,document_manifest.csv
LN-00920,Loan Agreement,Complete,2026-07-17,DOC-000920,document_manifest.csv
LN-00921,Income Verification,Complete,2026-07-03,DOC-000921,document_manifest.csv
LN-00922,Income Verification,Complete,2026-07-02,DOC-000922,document_manifest.csv
LN-00923,Income Verification,Complete,2026-07-23,DOC-000923,document_manifest.csv
LN-00924,Loan Agreement,Complete,2026-07-03,DOC-000924,document_manifest.csv
LN-00925,Collateral,Complete,2026-07-06,DOC-000925,document_manifest.csv
LN-00926,Identity,Partial,2026-07-17,DOC-000926,document_manifest.csv
LN-00927,Income Verification,Complete,2026-07-26,DOC-000927,document_manifest.csv
LN-00928,Identity,Complete,2026-07-03,DOC-000928,document_manifest.csv
LN-00929,Collateral,Complete,2026-07-21,DOC-000929,document_manifest.csv
LN-00930,Income Verification,Complete,2026-07-13,DOC-000930,document_manifest.csv
LN-00931,Collateral,Complete,2026-07-03,DOC-000931,document_manifest.csv
LN-00932,Loan Agreement,Complete,2026-07-22,DOC-000932,document_manifest.csv
LN-00933,Identity,Complete,2026-07-31,DOC-000933,document_manifest.csv
LN-00934,Identity,Complete,2026-07-14,DOC-000934,document_manifest.csv
LN-00935,Identity,Partial,2026-07-28,DOC-000935,document_manifest.csv
LN-00936,Collateral,Complete,2026-07-05,DOC-000936,document_manifest.csv
LN-00937,Loan Agreement,Complete,2026-07-05,DOC-000937,document_manifest.csv
LN-00938,Income Verification,Complete,2026-07-04,DOC-000938,document_manifest.csv
LN-00939,Loan Agreement,Complete,2026-07-09,DOC-000939,document_manifest.csv
LN-00940,Income Verification,Complete,2026-07-27,DOC-000940,document_manifest.csv
LN-00941,Collateral,Complete,2026-07-11,DOC-000941,document_manifest.csv
LN-00942,Income Verification,Complete,2026-07-19,DOC-000942,document_manifest.csv
LN-00943,Income Verification,Complete,2026-07-24,DOC-000943,document_manifest.csv
LN-00944,Loan Agreement,Complete,2026-07-07,DOC-000944,document_manifest.csv
LN-00945,Loan Agreement,Complete,2026-07-02,DOC-000945,document_manifest.csv
LN-00946,Identity,Complete,2026-07-27,DOC-000946,document_manifest.csv
LN-00947,Income Verification,Complete,2026-07-18,DOC-000947,document_manifest.csv
LN-00948,Identity,Complete,2026-07-17,DOC-000948,document_manifest.csv
LN-00949,Income Verification,Complete,2026-07-25,DOC-000949,document_manifest.csv
LN-00950,Collateral,Complete,2026-07-06,DOC-000950,document_manifest.csv
LN-00951,Loan Agreement,Complete,2026-07-19,DOC-000951,document_manifest.csv
LN-00952,Loan Agreement,Complete,2026-07-13,DOC-000952,document_manifest.csv
LN-00953,Collateral,Complete,2026-07-30,DOC-000953,document_manifest.csv
LN-00954,Collateral,Complete,2026-07-20,DOC-000954,document_manifest.csv
LN-00955,Loan Agreement,Complete,2026-07-15,DOC-000955,document_manifest.csv
LN-00956,Income Verification,Complete,2026-07-31,DOC-000956,document_manifest.csv
LN-00957,Identity,Complete,2026-07-24,DOC-000957,document_manifest.csv
LN-00958,Income Verification,Complete,2026-07-09,DOC-000958,document_manifest.csv
LN-00959,Income Verification,Complete,2026-07-29,DOC-000959,document_manifest.csv
LN-00960,Income Verification,Complete,2026-07-16,DOC-000960,document_manifest.csv
LN-00961,Loan Agreement,Complete,2026-07-03,DOC-000961,document_manifest.csv
LN-00962,Identity,Complete,2026-07-21,DOC-000962,document_manifest.csv
LN-00963,Income Verification,Complete,2026-07-05,DOC-000963,document_manifest.csv
LN-00964,Identity,Complete,2026-07-06,DOC-000964,document_manifest.csv
LN-00965,Loan Agreement,Complete,2026-07-26,DOC-000965,document_manifest.csv
LN-00966,Income Verification,Complete,2026-07-01,DOC-000966,document_manifest.csv
LN-00967,Identity,Complete,2026-07-06,DOC-000967,document_manifest.csv
LN-00968,Identity,Complete,2026-07-07,DOC-000968,document_manifest.csv
LN-00969,Income Verification,Complete,2026-07-25,DOC-000969,document_manifest.csv
LN-00970,Loan Agreement,Complete,2026-07-09,DOC-000970,document_manifest.csv
LN-00971,Income Verification,Complete,2026-07-24,DOC-000971,document_manifest.csv
LN-00972,Identity,Complete,2026-07-10,DOC-000972,document_manifest.csv
LN-00973,Loan Agreement,Complete,2026-07-26,DOC-000973,document_manifest.csv
LN-00974,Collateral,Complete,2026-07-07,DOC-000974,document_manifest.csv
LN-00975,Collateral,Complete,2026-07-21,DOC-000975,document_manifest.csv
LN-00976,Loan Agreement,Complete,2026-07-01,DOC-000976,document_manifest.csv
LN-00977,Collateral,Complete,2026-07-20,DOC-000977,document_manifest.csv
LN-00978,Income Verification,Complete,2026-07-27,DOC-000978,document_manifest.csv
LN-00979,Collateral,Complete,2026-07-11,DOC-000979,document_manifest.csv
LN-00980,Collateral,Complete,2026-07-15,DOC-000980,document_manifest.csv
LN-00981,Collateral,Complete,2026-07-26,DOC-000981,document_manifest.csv
LN-00982,Loan Agreement,Complete,2026-07-03,DOC-000982,document_manifest.csv
LN-00983,Loan Agreement,Complete,2026-07-09,DOC-000983,document_manifest.csv
LN-00984,Identity,Complete,2026-07-31,DOC-000984,document_manifest.csv
LN-00985,Income Verification,Complete,2026-07-28,DOC-000985,document_manifest.csv
LN-00986,Identity,Complete,2026-07-05,DOC-000986,document_manifest.csv
LN-00987,Collateral,Complete,2026-07-16,DOC-000987,document_manifest.csv
LN-00988,Collateral,Complete,2026-07-20,DOC-000988,document_manifest.csv
LN-00989,Income Verification,Complete,2026-07-15,DOC-000989,document_manifest.csv
LN-00990,Collateral,Complete,2026-07-11,DOC-000990,document_manifest.csv
LN-00991,Income Verification,Complete,2026-07-03,DOC-000991,document_manifest.csv
LN-00992,Collateral,Complete,2026-07-19,DOC-000992,document_manifest.csv
LN-00993,Loan Agreement,Complete,2026-07-15,DOC-000993,document_manifest.csv
LN-00994,Loan Agreement,Complete,2026-07-18,DOC-000994,document_manifest.csv
LN-00995,Identity,Complete,2026-07-28,DOC-000995,document_manifest.csv
LN-00996,Loan Agreement,Complete,2026-07-17,DOC-000996,document_manifest.csv
LN-00997,Collateral,Complete,2026-07-17,DOC-000997,document_manifest.csv
LN-00998,Identity,Partial,2026-07-13,DOC-000998,document_manifest.csv
LN-00999,Identity,Complete,2026-07-05,DOC-000999,document_manifest.csv
LN-01000,Loan Agreement,Complete,2026-07-10,DOC-001000,document_manifest.csv
